,Split Ratio,Randomization Ratio,Equivalence Margin,Cost,Power,TypeIerror
minimize,0.15615558000709015,0.2418627648153735,0.3878364349991921,-30.000000805855187,"[0.80000001 0.80000001 0.80000001 0.80000001 0.80000001 0.80000001
 0.80000001 0.80000001 0.80000001 0.80000001 0.80000001 0.80000001
 0.80000001 0.80000001 0.80000001 0.80000001 0.80000001 0.80000001
 0.80000001 0.80000001 0.80000001 0.80000001 0.80000001 0.80000001
 0.80000001]","[0.05 0.05 0.05 0.05 0.05 0.05 0.05 0.05 0.05 0.05 0.05 0.05 0.05 0.05
 0.05 0.05 0.05 0.05 0.05 0.05 0.05 0.05 0.05 0.05 0.05]"
shgo,0.1,0.1,0.1,[[-30.00000081]],"[0.80000001 0.80000001 0.80000001 0.80000001 0.80000001 0.80000001
 0.80000001 0.80000001 0.80000001 0.80000001 0.80000001 0.80000001
 0.80000001 0.80000001 0.80000001 0.80000001 0.80000001 0.80000001
 0.80000001 0.80000001 0.80000001 0.80000001 0.80000001 0.80000001
 0.80000001]","[0.05 0.05 0.05 0.05 0.05 0.05 0.05 0.05 0.05 0.05 0.05 0.05 0.05 0.05
 0.05 0.05 0.05 0.05 0.05 0.05 0.05 0.05 0.05 0.05 0.05]"
dual_annealing,0.2439418870294249,0.47719048619056875,0.19816339177725442,[[-30.00000081]],"[0.80000001 0.80000001 0.80000001 0.80000001 0.80000001 0.80000001
 0.80000001 0.80000001 0.80000001 0.80000001 0.80000001 0.80000001
 0.80000001 0.80000001 0.80000001 0.80000001 0.80000001 0.80000001
 0.80000001 0.80000001 0.80000001 0.80000001 0.80000001 0.80000001
 0.80000001]","[0.05 0.05 0.05 0.05 0.05 0.05 0.05 0.05 0.05 0.05 0.05 0.05 0.05 0.05
 0.05 0.05 0.05 0.05 0.05 0.05 0.05 0.05 0.05 0.05 0.05]"

