,Split Ratio,Randomization Ratio,Equivalence Margin,Cost,Power,TypeIerror
minimize,0.1381469807270767,0.22927073908434567,0.38890205109084214,-30.000000805855187,"[0.80000001 0.80000001 0.80000001 0.80000001 0.80000001 0.80000001
 0.80000001 0.80000001 0.80000001 0.80000001 0.80000001 0.80000001
 0.80000001 0.80000001 0.80000001 0.80000001 0.80000001 0.80000001
 0.80000001 0.80000001 0.80000001 0.80000001 0.80000001 0.80000001
 0.80000001]","[0.05 0.05 0.05 0.05 0.05 0.05 0.05 0.05 0.05 0.05 0.05 0.05 0.05 0.05
 0.05 0.05 0.05 0.05 0.05 0.05 0.05 0.05 0.05 0.05 0.05]"
shgo,0.1,0.9,0.5,-30.39210046779024,"[0.80021853 0.80029301 0.80037908 0.80047624 0.80058324 0.80069802
 0.8008177  0.80093858 0.80105601 0.80116325 0.80124762 0.80128132
 0.80120869 0.80094395 0.80040364 0.7995779  0.79859067 0.79767379
 0.79704943 0.79681579 0.79693172 0.79728953 0.79778944 0.79835838
 0.79892918]","[0.05211425 0.05256636 0.05304829 0.05351885 0.05389638 0.05405626
 0.05387    0.0532881  0.052409   0.05145592 0.05066208 0.05016512
 0.05       0.05016512 0.05066208 0.05145592 0.052409   0.0532881
 0.05387    0.05405626 0.05389638 0.05351885 0.05304829 0.05256636
 0.05211425]"
dual_annealing,0.7587161319486452,0.8874163212077176,0.25392799982410974,-36.66035645466249,"[0.77707479 0.77707522 0.77707794 0.77709239 0.77715728 0.77740405
 0.778196   0.78032961 0.7851092  0.79386013 0.80653898 0.82007979
 0.82850315 0.82635991 0.81347436 0.79597363 0.78168491 0.77449314
 0.77316847 0.7743991  0.77580428 0.77661999 0.77695088 0.77705102
 0.77707303]","[0.04147073 0.0416141  0.0421007  0.04346051 0.04653988 0.05206202
 0.05960046 0.06675785 0.07       0.0672841  0.06015243 0.05296477
 0.05       0.05296477 0.06015243 0.0672841  0.07       0.06675785
 0.05960046 0.05206202 0.04653988 0.04346051 0.0421007  0.0416141
 0.04147073]"
